{"cameraMode":{"drawMode":0,"name":"Shaded","section":"Shading Mode"},"sceneLighting":false,"audioPlay":false,"sceneViewState":{"showFog":true,"showMaterialUpdate":false,"showSkybox":false,"showFlares":true,"showImageEffects":true,"showParticleSystems":true,"showVisualEffectGraphs":true,"m_FxEnabled":true},"in2DMode":false,"pivot":{"x":3.5999999046325685,"y":0.9259122610092163,"z":-0.5641698837280273},"rotation":{"x":-0.2458571195602417,"y":-0.006975769996643066,"z":0.0018851192435249687,"w":-0.9693392515182495},"size":1.1204447746276856,"orthographic":false}