{"cameraMode":{"drawMode":0,"name":"Shaded","section":"Shading Mode"},"sceneLighting":true,"audioPlay":false,"sceneViewState":{"showFog":true,"showMaterialUpdate":false,"showSkybox":true,"showFlares":true,"showImageEffects":true,"showParticleSystems":true,"showVisualEffectGraphs":true,"m_FxEnabled":true},"in2DMode":false,"pivot":{"x":-0.04877939447760582,"y":0.19405312836170197,"z":-11.408760070800782},"rotation":{"x":0.28989917039871218,"y":0.07125020772218704,"z":-0.021801995113492013,"w":0.9544268250465393},"size":27.321802139282228,"orthographic":false}