{"cameraMode":{"drawMode":0,"name":"Shaded","section":"Shading Mode"},"sceneLighting":true,"audioPlay":false,"sceneViewState":{"showFog":true,"showMaterialUpdate":false,"showSkybox":true,"showFlares":true,"showImageEffects":true,"showParticleSystems":true,"showVisualEffectGraphs":true,"m_FxEnabled":true},"in2DMode":false,"pivot":{"x":415.6414489746094,"y":204.9157257080078,"z":1.8954620361328126},"rotation":{"x":-0.014397897757589817,"y":0.0020904727280139925,"z":-0.000036806577554671094,"w":-0.9999094009399414},"size":330.264892578125,"orthographic":false}