{"cameraMode":{"drawMode":0,"name":"Shaded","section":"Shading Mode"},"sceneLighting":true,"audioPlay":false,"sceneViewState":{"showFog":true,"showMaterialUpdate":false,"showSkybox":true,"showFlares":true,"showImageEffects":true,"showParticleSystems":true,"showVisualEffectGraphs":true,"m_FxEnabled":true},"in2DMode":false,"pivot":{"x":0.4989432692527771,"y":0.9009846448898315,"z":-1.9670391082763672},"rotation":{"x":-0.23724916577339173,"y":-0.10298611223697663,"z":0.025281153619289399,"w":-0.9657237529754639},"size":5.6392951011657719,"orthographic":false}