{"cameraMode":{"drawMode":0,"name":"Shaded","section":"Shading Mode"},"sceneLighting":true,"audioPlay":false,"sceneViewState":{"showFog":true,"showMaterialUpdate":false,"showSkybox":true,"showFlares":true,"showImageEffects":true,"showParticleSystems":true,"showVisualEffectGraphs":true,"m_FxEnabled":true},"in2DMode":false,"pivot":{"x":0.6734992265701294,"y":2.0250000953674318,"z":-1.7424882650375367},"rotation":{"x":0.05419117584824562,"y":-0.9456385374069214,"z":0.21131694316864015,"w":0.24168436229228974},"size":1.800774335861206,"orthographic":false}