{"cameraMode":{"drawMode":0,"name":"Shaded","section":"Shading Mode"},"sceneLighting":true,"audioPlay":false,"sceneViewState":{"showFog":true,"showMaterialUpdate":false,"showSkybox":true,"showFlares":true,"showImageEffects":true,"showParticleSystems":true,"showVisualEffectGraphs":true,"m_FxEnabled":true},"in2DMode":false,"pivot":{"x":-32.996124267578128,"y":0.8869457244873047,"z":-25.168926239013673},"rotation":{"x":-0.012424455024302006,"y":0.4799954295158386,"z":0.006679932586848736,"w":0.8774568438529968},"size":2.013885974884033,"orthographic":false}